create database hospital;
-- patients --
CREATE TABLE Patients (
    PatientID INT PRIMARY KEY,
    FirstName VARCHAR(50),
    LastName VARCHAR(50),
    Age INT,
    Gender VARCHAR(10),
    RegistrationDate DATE
);
-- doctors table--
CREATE TABLE Doctors (
    DoctorID INT PRIMARY KEY,
    FirstName VARCHAR(50),
    LastName VARCHAR(50),
    Specialty VARCHAR(50),
    HireDate DATE
);
-- appointsment table -- 
CREATE TABLE Appointments (
    AppointmentID INT PRIMARY KEY,
    PatientID INT,
    DoctorID INT,
    AppointmentDate DATE,
    Status VARCHAR(20), -- 'Completed', 'Cancelled', 'No-Show'
    Reason VARCHAR(100)
);
-- treatments table --
CREATE TABLE Treatments (
    TreatmentID INT PRIMARY KEY,
    AppointmentID INT,
    TreatmentType VARCHAR(50),
    Cost DECIMAL(10,2),
    DurationMinutes INT
);
-- feed back table --
CREATE TABLE Feedback (
    FeedbackID INT PRIMARY KEY,
    AppointmentID INT,
    Rating INT,
    Comments VARCHAR(200)
);


-- Insert Patients--
INSERT INTO Patients VALUES
(1, 'John', 'Smith', 45, 'Male', '2023-01-15'),
(2, 'Emma', 'Johnson', 32, 'Female', '2023-01-20'),
(3, 'Michael', 'Williams', 28, 'Male', '2023-02-05'),
(4, 'Sarah', 'Brown', 61, 'Female', '2023-02-10'),
(5, 'David', 'Jones', 19, 'Male', '2023-02-15'),
(6, 'Lisa', 'Garcia', 52, 'Female', '2023-02-20'),
(7, 'Robert', 'Miller', 37, 'Male', '2023-03-01'),
(8, 'Jennifer', 'Davis', 24, 'Female', '2023-03-05'),
(9, 'William', 'Rodriguez', 68, 'Male', '2023-03-10'),
(10, 'Elizabeth', 'Martinez', 41, 'Female', '2023-03-15'),
(11, 'James', 'Hernandez', 33, 'Male', '2023-03-20'),
(12, 'Linda', 'Lopez', 29, 'Female', '2023-03-25'),
(13, 'Charles', 'Gonzalez', 55, 'Male', '2023-04-01'),
(14, 'Patricia', 'Wilson', 47, 'Female', '2023-04-05'),
(15, 'Thomas', 'Anderson', 22, 'Male', '2023-04-10'),
(16, 'Susan', 'Thomas', 63, 'Female', '2023-04-15'),
(17, 'Christopher', 'Taylor', 31, 'Male', '2023-04-20'),
(18, 'Karen', 'Moore', 58, 'Female', '2023-04-25'),
(19, 'Daniel', 'Jackson', 26, 'Male', '2023-05-01'),
(20, 'Nancy', 'Martin', 49, 'Female', '2023-05-05'),
(21, 'Matthew', 'Lee', 35, 'Male', '2023-05-10'),
(22, 'Betty', 'Perez', 42, 'Female', '2023-05-15'),
(23, 'Anthony', 'Thompson', 27, 'Male', '2023-05-20'),
(24, 'Helen', 'White', 71, 'Female', '2023-05-25'),
(25, 'Mark', 'Harris', 38, 'Male', '2023-06-01'),
(26, 'Sandra', 'Sanchez', 53, 'Female', '2023-06-05'),
(27, 'Donald', 'Clark', 44, 'Male', '2023-06-10'),
(28, 'Donna', 'Ramirez', 30, 'Female', '2023-06-15'),
(29, 'Paul', 'Lewis', 59, 'Male', '2023-06-20'),
(30, 'Carol', 'Robinson', 36, 'Female', '2023-06-25'),
(31, 'Steven', 'Walker', 23, 'Male', '2023-07-01'),
(32, 'Ruth', 'Young', 65, 'Female', '2023-07-05'),
(33, 'Andrew', 'Allen', 40, 'Male', '2023-07-10'),
(34, 'Sharon', 'King', 51, 'Female', '2023-07-15'),
(35, 'Kenneth', 'Wright', 34, 'Male', '2023-07-20'),
(36, 'Michelle', 'Scott', 48, 'Female', '2023-07-25'),
(37, 'Joshua', 'Torres', 25, 'Male', '2023-08-01'),
(38, 'Laura', 'Nguyen', 57, 'Female', '2023-08-05'),
(39, 'Kevin', 'Hill', 39, 'Male', '2023-08-10'),
(40, 'Sarah', 'Flores', 46, 'Female', '2023-08-15'),
(41, 'Brian', 'Green', 31, 'Male', '2023-08-20'),
(42, 'Kimberly', 'Adams', 54, 'Female', '2023-08-25'),
(43, 'George', 'Nelson', 43, 'Male', '2023-09-01'),
(44, 'Deborah', 'Baker', 60, 'Female', '2023-09-05'),
(45, 'Edward', 'Hall', 32, 'Male', '2023-09-10'),
(46, 'Dorothy', 'Rivera', 67, 'Female', '2023-09-15'),
(47, 'Ronald', 'Campbell', 29, 'Male', '2023-09-20'),
(48, 'Amy', 'Mitchell', 50, 'Female', '2023-09-25'),
(49, 'Jason', 'Carter', 37, 'Male', '2023-10-01'),
(50, 'Angela', 'Roberts', 45, 'Female', '2023-10-05');

-- Insert  Doctors --
INSERT INTO Doctors VALUES
(1, 'Dr. Emily', 'Chen', 'Cardiology', '2018-03-15'),
(2, 'Dr. Michael', 'Patel', 'Pediatrics', '2019-06-20'),
(3, 'Dr. Sarah', 'Kim', 'Dermatology', '2017-01-10'),
(4, 'Dr. David', 'Wilson', 'Orthopedics', '2015-08-25'),
(5, 'Dr. Jennifer', 'Taylor', 'Neurology', '2020-02-14'),
(6, 'Dr. Robert', 'Anderson', 'Oncology', '2016-11-30'),
(7, 'Dr. Lisa', 'Garcia', 'Gynecology', '2019-04-22'),
(8, 'Dr. James', 'Martinez', 'Psychiatry', '2018-09-15'),
(9, 'Dr. Maria', 'Davis', 'Endocrinology', '2017-12-05'),
(10, 'Dr. Thomas', 'Rodriguez', 'Gastroenterology', '2021-01-20'),
(11, 'Dr. Susan', 'Miller', 'Rheumatology', '2016-07-18'),
(12, 'Dr. Charles', 'Brown', 'Urology', '2019-03-10'),
(13, 'Dr. Karen', 'Jones', 'Pulmonology', '2018-05-25'),
(14, 'Dr. William', 'Williams', 'Nephrology', '2020-08-12'),
(15, 'Dr. Nancy', 'Johnson', 'Ophthalmology', '2017-10-30'),
(16, 'Dr. Richard', 'Smith', 'ENT', '2019-11-05'),
(17, 'Dr. Patricia', 'Lee', 'Dentistry', '2018-02-28'),
(18, 'Dr. Joseph', 'Harris', 'General Surgery', '2016-04-15'),
(19, 'Dr. Margaret', 'Clark', 'Emergency Medicine', '2021-03-22'),
(20, 'Dr. Christopher', 'Lewis', 'Radiology', '2017-08-10'),
(21, 'Dr. Linda', 'Robinson', 'Allergy', '2019-01-25'),
(22, 'Dr. Daniel', 'Walker', 'Physical Therapy', '2018-07-30'),
(23, 'Dr. Elizabeth', 'Young', 'Oncology', '2020-05-18'),
(24, 'Dr. Matthew', 'Allen', 'Cardiology', '2019-09-12'),
(25, 'Dr. Barbara', 'King', 'Pediatrics', '2017-06-08'),
(26, 'Dr. Donald', 'Wright', 'Dermatology', '2018-12-20'),
(27, 'Dr. Helen', 'Scott', 'Orthopedics', '2021-02-15'),
(28, 'Dr. Paul', 'Torres', 'Neurology', '2016-10-22'),
(29, 'Dr. Sandra', 'Hill', 'Gynecology', '2019-07-14'),
(30, 'Dr. Mark', 'Flores', 'Psychiatry', '2017-04-05'),
(31, 'Dr. Donna', 'Green', 'Endocrinology', '2020-11-28'),
(32, 'Dr. George', 'Adams', 'Gastroenterology', '2018-08-17'),
(33, 'Dr. Carol', 'Nelson', 'Rheumatology', '2019-12-03'),
(34, 'Dr. Steven', 'Baker', 'Urology', '2017-02-26'),
(35, 'Dr. Ruth', 'Hall', 'Pulmonology', '2021-04-19'),
(36, 'Dr. Andrew', 'Rivera', 'Nephrology', '2018-01-08'),
(37, 'Dr. Sharon', 'Campbell', 'Ophthalmology', '2019-05-21'),
(38, 'Dr. Kenneth', 'Mitchell', 'ENT', '2017-09-14'),
(39, 'Dr. Michelle', 'Carter', 'Dentistry', '2020-06-30'),
(40, 'Dr. Joshua', 'Roberts', 'General Surgery', '2018-10-25'),
(41, 'Dr. Laura', 'Thomas', 'Emergency Medicine', '2019-08-12'),
(42, 'Dr. Kevin', 'White', 'Radiology', '2017-12-28'),
(43, 'Dr. Sarah', 'Harris', 'Allergy', '2021-01-15'),
(44, 'Dr. Brian', 'Martin', 'Physical Therapy', '2018-04-02'),
(45, 'Dr. Kimberly', 'Thompson', 'Oncology', '2019-10-17'),
(46, 'Dr. George', 'Moore', 'Cardiology', '2017-07-24'),
(47, 'Dr. Deborah', 'Jackson', 'Pediatrics', '2020-09-08'),
(48, 'Dr. Edward', 'Lee', 'Dermatology', '2018-06-13'),
(49, 'Dr. Dorothy', 'Perez', 'Orthopedics', '2019-02-26'),
(50, 'Dr. Ronald', 'Lewis', 'Neurology', '2017-11-19');

-- Insert  Appointments --
INSERT INTO Appointments VALUES
(1, 1, 1, '2024-01-15', 'Completed', 'Heart checkup'),
(2, 2, 2, '2024-01-16', 'Completed', 'Child vaccination'),
(3, 3, 3, '2024-01-17', 'Cancelled', 'Skin rash - rescheduled'),
(4, 4, 4, '2024-01-18', 'Completed', 'Knee pain'),
(5, 5, 5, '2024-01-19', 'No-Show', 'Migraine consultation'),
(6, 6, 6, '2024-01-20', 'Completed', 'Cancer screening'),
(7, 7, 7, '2024-01-21', 'Completed', 'Annual checkup'),
(8, 8, 8, '2024-01-22', 'Completed', 'Therapy session'),
(9, 9, 9, '2024-01-23', 'Cancelled', 'Diabetes followup'),
(10, 10, 10, '2024-01-24', 'Completed', 'Stomach pain'),
(11, 11, 11, '2024-01-25', 'Completed', 'Joint pain'),
(12, 12, 12, '2024-01-26', 'Completed', 'Urinary issues'),
(13, 13, 13, '2024-01-27', 'No-Show', 'Breathing problems'),
(14, 14, 14, '2024-01-28', 'Completed', 'Kidney function test'),
(15, 15, 15, '2024-01-29', 'Completed', 'Eye exam'),
(16, 16, 16, '2024-01-30', 'Cancelled', 'Ear infection'),
(17, 17, 17, '2024-01-31', 'Completed', 'Dental cleaning'),
(18, 18, 18, '2024-02-01', 'Completed', 'Appendicitis'),
(19, 19, 19, '2024-02-02', 'Completed', 'Emergency - chest pain'),
(20, 20, 20, '2024-02-03', 'Completed', 'X-ray review'),
(21, 21, 21, '2024-02-04', 'Completed', 'Allergy testing'),
(22, 22, 22, '2024-02-05', 'Completed', 'Physical therapy'),
(23, 23, 23, '2024-02-06', 'Completed', 'Chemotherapy'),
(24, 24, 24, '2024-02-07', 'Completed', 'Heart monitor review'),
(25, 25, 25, '2024-02-08', 'Cancelled', 'Child fever'),
(26, 26, 26, '2024-02-09', 'Completed', 'Acne treatment'),
(27, 27, 27, '2024-02-10', 'Completed', 'Fracture followup'),
(28, 28, 28, '2024-02-11', 'Completed', 'Neurological exam'),
(29, 29, 29, '2024-02-12', 'Completed', 'Pap smear'),
(30, 30, 30, '2024-02-13', 'Completed', 'Psychiatric evaluation'),
(31, 31, 31, '2024-02-14', 'Completed', 'Thyroid check'),
(32, 32, 32, '2024-02-15', 'Completed', 'Colonoscopy'),
(33, 33, 33, '2024-02-16', 'Completed', 'Arthritis treatment'),
(34, 34, 34, '2024-02-17', 'No-Show', 'Prostate exam'),
(35, 35, 35, '2024-02-18', 'Completed', 'Asthma review'),
(36, 36, 36, '2024-02-19', 'Completed', 'Dialysis consultation'),
(37, 37, 37, '2024-02-20', 'Completed', 'Cataract screening'),
(38, 38, 38, '2024-02-21', 'Completed', 'Sinus infection'),
(39, 39, 39, '2024-02-22', 'Completed', 'Root canal'),
(40, 40, 40, '2024-02-23', 'Completed', 'Gallbladder surgery'),
(41, 41, 41, '2024-02-24', 'Completed', 'Emergency - injury'),
(42, 42, 42, '2024-02-25', 'Completed', 'MRI review'),
(43, 43, 43, '2024-02-26', 'Completed', 'Allergy shots'),
(44, 44, 44, '2024-02-27', 'Completed', 'Rehabilitation'),
(45, 45, 45, '2024-02-28', 'Completed', 'Radiation therapy'),
(46, 46, 46, '2024-02-29', 'Completed', 'EKG test'),
(47, 47, 47, '2024-03-01', 'Completed', 'Child wellness check'),
(48, 48, 48, '2024-03-02', 'Completed', 'Psoriasis treatment'),
(49, 49, 49, '2024-03-03', 'Completed', 'Hip replacement followup'),
(50, 50, 50, '2024-03-04', 'Completed', 'Epilepsy management');

-- Insert  Treatments
INSERT INTO Treatments VALUES
(1, 1, 'Cardiac Consultation', 200.00, 30),
(2, 2, 'Vaccination', 85.00, 15),
(3, 4, 'Orthopedic Consultation', 180.00, 25),
(4, 6, 'Cancer Screening', 350.00, 45),
(5, 7, 'Annual Physical', 150.00, 30),
(6, 8, 'Therapy Session', 120.00, 50),
(7, 10, 'Gastro Consultation', 190.00, 30),
(8, 11, 'Rheumatology Consultation', 175.00, 25),
(9, 12, 'Urology Procedure', 280.00, 40),
(10, 14, 'Kidney Function Test', 220.00, 35),
(11, 15, 'Eye Examination', 95.00, 20),
(12, 17, 'Dental Cleaning', 110.00, 30),
(13, 18, 'Appendectomy', 2500.00, 120),
(14, 19, 'Emergency Consultation', 300.00, 45),
(15, 20, 'X-ray Analysis', 140.00, 20),
(16, 21, 'Allergy Testing', 160.00, 35),
(17, 22, 'Physical Therapy', 90.00, 45),
(18, 23, 'Chemotherapy Session', 850.00, 90),
(19, 24, 'Cardiac Monitoring', 230.00, 30),
(20, 26, 'Dermatology Treatment', 130.00, 25),
(21, 27, 'Fracture Care', 195.00, 30),
(22, 28, 'Neurological Exam', 210.00, 40),
(23, 29, 'Gynecology Procedure', 170.00, 30),
(24, 30, 'Psychiatric Evaluation', 185.00, 50),
(25, 31, 'Endocrinology Consultation', 165.00, 25),
(26, 32, 'Colonoscopy', 650.00, 60),
(27, 33, 'Arthritis Treatment', 155.00, 30),
(28, 35, 'Pulmonology Consultation', 175.00, 30),
(29, 36, 'Dialysis Consultation', 200.00, 35),
(30, 37, 'Ophthalmology Procedure', 240.00, 40),
(31, 38, 'ENT Treatment', 125.00, 25),
(32, 39, 'Dental Procedure', 320.00, 60),
(33, 40, 'Surgery Consultation', 195.00, 30),
(34, 41, 'Emergency Treatment', 275.00, 45),
(35, 42, 'Radiology Review', 145.00, 20),
(36, 43, 'Allergy Treatment', 110.00, 25),
(37, 44, 'Rehabilitation Session', 85.00, 50),
(38, 45, 'Radiation Therapy', 780.00, 75),
(39, 46, 'Cardiac Testing', 225.00, 35),
(40, 47, 'Pediatric Checkup', 105.00, 25),
(41, 48, 'Dermatology Procedure', 140.00, 30),
(42, 49, 'Orthopedic Followup', 160.00, 25),
(43, 50, 'Neurology Management', 195.00, 35),
(44, 3, 'Dermatology Consultation', 135.00, 20),
(45, 5, 'Neurology Consultation', 185.00, 30),
(46, 9, 'Endocrinology Followup', 150.00, 25),
(47, 13, 'Pulmonology Testing', 190.00, 35),
(48, 16, 'ENT Consultation', 115.00, 20),
(49, 25, 'Pediatric Consultation', 95.00, 25),
(50, 34, 'Urology Examination', 170.00, 30);

-- Insert  Feedback entries
INSERT INTO Feedback VALUES
(1, 1, 5, 'Excellent care and thorough examination'),
(2, 2, 4, 'Very good with children, gentle approach'),
(3, 4, 5, 'Solved my knee problem completely'),
(4, 5, 2, 'Missed appointment, no call received'),
(5, 6, 5, 'Life-saving screening, very professional'),
(6, 7, 4, 'Comprehensive checkup, good advice'),
(7, 8, 3, 'Therapist was good but session felt rushed'),
(8, 10, 5, 'Diagnosed my stomach issue quickly'),
(9, 11, 4, 'Helpful treatment for joint pain'),
(10, 12, 5, 'Professional and discreet service'),
(11, 14, 4, 'Thorough kidney function analysis'),
(12, 15, 5, 'Clear explanation of eye health'),
(13, 17, 4, 'Gentle dental cleaning, good hygiene'),
(14, 18, 5, 'Successful surgery, great aftercare'),
(15, 19, 5, 'Emergency handled efficiently'),
(16, 20, 4, 'Clear X-ray explanation'),
(17, 21, 5, 'Comprehensive allergy testing'),
(18, 22, 4, 'Helpful physical therapy session'),
(19, 23, 5, 'Compassionate during chemotherapy'),
(20, 24, 5, 'Detailed heart health review'),
(21, 26, 4, 'Effective acne treatment'),
(22, 27, 5, 'Expert fracture care'),
(23, 28, 4, 'Thorough neurological examination'),
(24, 29, 5, 'Comfortable and professional'),
(25, 30, 3, 'Evaluation felt somewhat rushed'),
(26, 31, 4, 'Good thyroid management advice'),
(27, 32, 5, 'Professional colonoscopy procedure'),
(28, 33, 4, 'Helpful arthritis treatment plan'),
(29, 35, 5, 'Great asthma management tips'),
(30, 36, 4, 'Informative dialysis consultation'),
(31, 37, 5, 'Excellent cataract screening'),
(32, 38, 4, 'Effective sinus treatment'),
(33, 39, 5, 'Painless root canal experience'),
(34, 40, 5, 'Successful surgery, minimal pain'),
(35, 41, 4, 'Good emergency care'),
(36, 42, 5, 'Clear MRI results explanation'),
(37, 43, 4, 'Allergy shots administered well'),
(38, 44, 5, 'Excellent rehabilitation program'),
(39, 45, 5, 'Compassionate radiation therapy'),
(40, 46, 4, 'Comprehensive cardiac testing'),
(41, 47, 5, 'Wonderful with children'),
(42, 48, 4, 'Good psoriasis treatment'),
(43, 49, 5, 'Excellent hip replacement followup'),
(44, 50, 4, 'Good epilepsy management plan'),
(45, 3, 1, 'Cancelled without proper notice'),
(46, 9, 2, 'Rescheduled multiple times'),
(47, 13, 1, 'No-show fee charged unfairly'),
(48, 16, 2, 'Cancellation process confusing'),
(49, 25, 3, 'Child still has fever after visit'),
(50, 34, 1, 'Missed appointment, poor communication');